<?xml version="1.0"?>
<Invoices xmlns:xsi="http://www.w3.org/2001/XMLSchema-instance" xmlns:xsd="http://www.w3.org/2001/XMLSchema">
  <InvoiceList>
    <Invoice>
      <Identifier>dec7fd0f-ff44-4e0f-8583-4d2f601e4629</Identifier>
      <Title>Dummy Book A</Title>
      <Customer>Diogo Marques</Customer>
      <Timestamp>2017-05-19T00:23:57.0491862+01:00</Timestamp>
      <Quantity>5</Quantity>
      <Total>9.99</Total>
    </Invoice>
    <Invoice>
      <Identifier>fe3fc379-39ba-45be-b711-d38064967fea</Identifier>
      <Title>Dummy Book A</Title>
      <Customer>Diogo Marques</Customer>
      <Timestamp>2017-05-19T00:23:58.7657+01:00</Timestamp>
      <Quantity>5</Quantity>
      <Total>9.99</Total>
    </Invoice>
    <Invoice>
      <Identifier>91edf56d-adaa-47bb-b5d1-0c69a6c63c01</Identifier>
      <Title>Dummy Book A</Title>
      <Customer>Diogo Marques</Customer>
      <Timestamp>2017-05-19T00:23:59.3442388+01:00</Timestamp>
      <Quantity>5</Quantity>
      <Total>9.99</Total>
    </Invoice>
  </InvoiceList>
</Invoices>