{
  "rules": {
    "ban": [
      true,
      [
        "_",
        "extend"
      ],
      [
        "_",
        "isNull"
      ],
      [
        "_",
        "isDefined"
      ]
    ],
    "class-name": true,
    "comment-format": [
      true,
      "check-space",
      "check-lowercase"
    ],
    "curly": true,
    "eofline": true,
    "forin": true,
    "indent": [
      true,
      2
    ],
    "interface-name": [
      "always-prefix"
    ],
    "jsdoc-format": true,
    "label-position": true,
    "max-line-length": [
      false,
      140
    ],
    "member-ordering": [
      true,
      "public-before-private",
      "static-before-instance",
      "variables-before-functions"
    ],
    "no-arg": true,
    "no-bitwise": true,
    "no-console": [
      true,
      "debug",
      "info",
      "time",
      "timeEnd",
      "trace"
    ],
    "no-construct": true,
    "no-debugger": true,
    "no-duplicate-variable": true,
    "no-empty": true,
    "no-eval": true,
    "no-parameter-properties": false,
    "no-string-literal": true,
    "no-switch-case-fall-through": true,
    "trailing-comma": [
      true
    ],
    "array-type": [
      "array-simple"
    ],
    "arrow-parens": false,
    "linebreak-style": [
      "LF"
    ],
    "max-classes-per-file": [
      true,
      1
    ],
    "no-reference": true,
    "no-trailing-whitespace": true,
    "no-unused-expression": true,
    "no-use-before-declare": true,
    "no-var-requires": true,
    "one-line": [
      true,
      "check-open-brace",
      "check-catch",
      "check-else",
      "check-whitespace"
    ],
    "quotemark": [
      true,
      "single"
    ],
    "radix": true,
    "semicolon": [
      "ignore-interfaces"
    ],
    "triple-equals": [
      true,
      "allow-null-check"
    ],
    "typedef": [
      true,
      "parameter",
      "call-signature",
      "member-variable-declaration"
    ],
    "typedef-whitespace": [
      true,
      {
        "call-signature": "nospace",
        "index-signature": "nospace",
        "parameter": "nospace",
        "property-declaration": "nospace",
        "variable-declaration": "nospace"
      },
      {
        "call-signature": "onespace",
        "index-signature": "onespace",
        "parameter": "onespace",
        "property-declaration": "onespace",
        "variable-declaration": "onespace"
      }
    ],
    "variable-name": false,
    "whitespace": [
      true,
      "check-branch",
      "check-decl",
      "check-module",
      "check-operator",
      "check-separator",
      "check-type",
      "check-typecast"
    ]
  }
}
